00:00:00,7e0:01:0f,7e0:01:42,7e0:01:0d,7e0:01:10,7e0:01:0b,7e1:15:1e,7e0:01:0c,7e0:01:04
03 03 00 00,33,2f a5,00,00 00,62,,00 00,00
eb 06 00 00,33,2f a5,00,00 00,62,,00 00,00
d3 0a 00 00,33,2f a5,00,00 00,62,,00 00,00
bc 0e 00 00,33,2f a5,00,00 00,62,,00 00,00
a4 12 00 00,33,2f a5,00,00 00,62,,00 00,00
8c 16 00 00,33,2f a5,00,00 00,62,,00 00,00
74 1a 00 00,33,2f a5,00,00 00,62,,00 00,00
5c 1e 00 00,33,2f a5,00,00 00,62,,00 00,00
48 22 00 00,33,2f 91,00,00 00,62,,00 00,00
2c 26 00 00,33,2f a5,00,00 00,62,,00 00,00
14 2a 00 00,33,2f a5,00,00 00,62,,00 00,00
00 2e 00 00,33,2f a5,00,00 00,62,,00 00,00
e8 31 00 00,33,2f a5,00,00 00,62,,00 00,00
d0 35 00 00,33,2f a5,00,00 00,62,,00 00,00
b8 39 00 00,33,2f a5,00,00 00,62,,00 00,00
a0 3d 00 00,33,2f a5,00,00 00,62,,00 00,00
88 41 00 00,33,2f a5,00,00 00,62,,00 00,00
70 45 00 00,33,2f a5,00,00 00,62,,00 00,00
59 49 00 00,33,2f a5,00,00 00,62,,00 00,00
40 4d 00 00,33,2f a5,00,00 00,62,,00 00,00
28 51 00 00,33,2f a5,00,00 00,62,,00 00,00
10 55 00 00,33,2f a5,00,00 00,62,,00 00,00
f9 58 00 00,33,2f a5,00,00 00,62,,00 00,00
e0 5c 00 00,33,2f 7e,00,00 00,62,,00 00,00
c8 60 00 00,33,2d a9,00,00 00,62,,00 00,00
b0 64 00 00,33,2d 6e,00,00 00,62,,00 00,00
98 68 00 00,33,2d 6e,00,00 00,62,,00 00,00
80 6c 00 00,33,28 d9,00,00 37,61,,03 0c,3b
68 70 00 00,32,2d 5a,00,06 e0,60,,0e b0,79
50 74 00 00,32,34 12,00,05 a6,60,,0d 04,90
38 78 00 00,32,36 84,00,05 f4,60,,0d 60,8f
20 7c 00 00,32,36 e6,00,05 db,60,,0d 50,8f
08 80 00 00,32,36 98,00,05 bd,60,,0d 44,8a
f0 83 00 00,32,36 bf,00,05 b4,60,,0d 58,86
d8 87 00 00,32,36 98,00,05 ac,60,,0d 48,85
bf 8b 00 00,32,36 e6,00,05 96,60,,0d 4c,83
a7 8f 00 00,32,36 bf,00,05 61,61,,0d 44,83
8f 93 00 00,32,36 bf,00,05 77,61,,0d 54,81
78 97 00 00,32,36 e6,00,05 45,61,,0d 4c,80
60 9b 00 00,32,36 f9,00,05 48,61,,0d 4c,80
48 9f 00 00,32,36 e6,00,05 53,61,,0d 44,7f
30 a3 00 00,32,36 e6,00,05 53,61,,0d 3c,80
18 a7 00 00,32,37 20,00,05 40,61,,0d 38,7f
00 ab 00 00,32,37 34,00,05 03,61,,0d 14,7a
e7 ae 00 00,32,37 6f,00,04 6d,61,,0c 50,73
cf b2 00 00,32,37 6f,00,04 99,61,,0c 4c,74
b7 b6 00 00,32,37 82,00,04 86,61,,0c 5c,73
a0 ba 00 00,32,37 82,00,04 88,61,,0c 54,73
8d be 00 00,32,37 82,00,04 9f,61,,0c 54,72
7a c2 00 00,32,37 96,00,04 80,61,,0c 54,72
5c c6 00 00,32,37 a9,00,04 83,61,,0c 54,72
44 ca 00 00,32,37 6f,00,04 8b,61,,0c 54,71
2d ce 00 00,32,37 6f,00,04 67,61,,0c 40,73
15 d2 00 00,32,37 6f,00,04 af,61,,0b f0,a0
fd d5 00 00,32,37 96,00,05 16,61,,0c 54,9d
e5 d9 00 00,32,37 96,00,05 1c,61,,0c 68,96
ce dd 00 00,32,37 82,03,06 02,61,,0d c0,9d
b5 e1 00 00,32,37 96,05,06 66,61,,0e 08,95
9c e5 00 00,32,37 82,06,07 04,61,,0f 04,9a
84 e9 00 00,32,37 d0,08,07 c4,62,,10 74,a3
6c ed 00 00,32,37 a9,09,07 d2,64,,10 64,a6
54 f1 00 00,32,37 a9,0b,07 c4,64,,10 24,9a
3c f5 00 00,32,37 a9,0d,06 93,64,,0f 64,86
25 f9 00 00,32,37 82,0f,06 6c,63,,0f a0,80
0d fd 00 00,32,37 96,0f,06 0a,62,,0f 74,73
f5 00 01 00,32,37 96,0f,04 e4,61,,0e 00,4a
dd 04 01 00,32,37 82,0f,04 d9,61,,0e 18,5f
c5 08 01 00,32,37 82,0f,04 f8,61,,0e 58,6d
ad 0c 01 00,32,37 96,10,05 45,61,,0e f4,72
94 10 01 00,32,37 96,10,05 a6,61,,0f 70,6b
7c 14 01 00,32,37 96,11,05 85,61,,0f a8,6a
64 18 01 00,32,37 96,11,05 ba,61,,0f d8,6e
4c 1c 01 00,32,37 96,11,05 c2,61,,10 10,70
36 20 01 00,32,37 96,12,06 34,61,,10 90,71
1d 24 01 00,32,37 a9,12,06 8a,62,,11 5c,7b
05 28 01 00,32,37 96,13,06 ca,62,,12 04,7c
ed 2b 01 00,32,37 96,14,07 0d,62,,12 b0,80
d5 2f 01 00,32,37 d0,15,07 12,62,,13 48,75
c0 33 01 00,32,37 6f,15,07 76,62,,13 d0,70
83 3b 01 00,32,37 96,16,07 74,63,,,71
9d 3f 01 00,32,37 d0,16,07 4f,63,,14 9c,
b1 43 01 00,,37 a9,15,07 3c,63,,14 74,75
c6 47 01 00,32,,15,07 71,63,,14 14,76
db 4b 01 00,32,37 d0,,07 15,63,,13 e0,78
f1 4f 01 00,32,37 a9,15,,63,,13 b4,79
0c 54 01 00,32,37 a9,14,06 f1,,,13 10,7a
48 54 01 00,32,37 a9,13,06 d2,,,12 9c,7f
38 58 01 00,32,37 a9,12,09 97,65,,14 0c,9e
21 5c 01 00,32,37 82,12,09 6a,68,,13 f8,99
08 60 01 00,32,37 a9,12,09 70,68,,13 e4,97
f0 63 01 00,32,37 d0,12,09 75,68,,14 18,a8
d8 67 01 00,32,37 d0,12,0c a0,70,,16 34,a2
bf 6b 01 00,32,37 d0,13,0b 27,71,,15 b0,9b
a7 6f 01 00,32,37 e4,13,0b d8,72,,16 20,9c
96 73 01 00,32,37 e4,13,0c 23,74,,16 48,9b
7c 77 01 00,32,37 e4,13,0b 85,73,,16 44,97
64 7b 01 00,32,37 e4,14,0c 53,75,,16 e0,99
4c 7f 01 00,32,37 d0,15,0c fc,78,,17 90,93
36 83 01 00,33,37 e4,15,0c d2,79,,18 08,8f
1c 87 01 00,33,37 e4,16,0c f4,7a,,18 4c,8e
05 8b 01 00,33,37 d0,16,0d 6e,7b,,19 10,8c
ed 8e 01 00,33,37 e4,17,0d da,7e,,19 6c,8d
d5 92 01 00,33,37 e4,18,0d d7,80,,1a 30,8b
bc 96 01 00,33,37 e4,19,0e 39,81,,1a cc,89
a5 9a 01 00,33,37 e4,19,0d a0,80,,1b 2c,84
8c 9e 01 00,33,37 5b,1a,0c 8d,7a,,1b 18,7c
74 a2 01 00,33,37 e4,1a,0c 2c,78,,1b 5c,7d
5c a6 01 00,34,37 e4,1b,0c 2c,78,,1b 90,79
44 aa 01 00,34,37 e4,1b,0c 77,78,,1b b0,7a
2d ae 01 00,34,37 e4,1b,0c 7c,79,,1b dc,7a
15 b2 01 00,34,37 e4,1b,0c f9,7a,,1c 5c,7a
fd b5 01 00,34,37 e4,1c,0d 2b,7b,,1c 84,77
e4 b9 01 00,34,37 f7,1c,0d 2b,7b,,1c a0,78
cc bd 01 00,34,37 e4,1c,0d 68,7b,,1c ac,79
b4 c1 01 00,34,37 f7,1b,0d 18,7b,,1c 74,79
9c c5 01 00,34,37 e4,1b,0d 26,7b,,1c 28,7c
84 c9 01 00,34,37 d0,1a,0e 04,7c,,1c 2c,84
6c cd 01 00,34,37 e4,1a,0e f5,80,,1c 30,8c
54 d1 01 00,35,37 f7,1a,10 ce,87,,1c 9c,8d
3b d5 01 00,35,37 e4,1a,10 ac,86,,1c cc,8d
24 d9 01 00,35,37 f7,1a,10 cb,86,,1c d0,8a
0c dd 01 00,35,37 e4,1a,11 26,87,,1c f0,8b
f4 e0 01 00,36,37 e4,1a,11 5e,88,,1d 08,8a
dc e4 01 00,36,37 e4,1a,11 32,89,,1d 34,89
c4 e8 01 00,36,37 d0,1a,11 3a,89,,1d 34,89
ac ec 01 00,36,37 d0,1b,11 4b,89,,1d 4c,88
94 f0 01 00,36,37 e4,1a,0b 10,79,,19 f4,54
7c f4 01 00,36,37 e4,17,08 01,6a,,15 d0,74
63 f8 01 00,36,37 a9,14,08 79,6a,,14 80,73
4b fc 01 00,36,37 a9,11,05 80,65,,0e 98,38
39 00 02 00,35,37 6f,0e,0a d1,65,,15 e0,ed
1c 04 02 00,36,37 e4,10,11 64,82,,19 d8,b4
09 08 02 00,36,37 d0,12,12 15,8f,,1a 34,a2
f1 0b 02 00,37,37 d0,14,12 0d,90,,1a bc,9f
d9 0f 02 00,37,37 d0,16,0e 7e,84,,15 c8,b8
c0 13 02 00,37,37 e4,18,10 96,88,,18 10,b5
a9 17 02 00,37,37 e4,1a,12 37,8e,,19 50,a9
91 1b 02 00,38,37 e4,1b,12 58,92,,1a 68,a0
79 1f 02 00,38,37 d0,1c,12 9d,92,,1b 64,9c
65 23 02 00,38,37 f7,1d,12 f4,91,,1c 7c,96
49 27 02 00,39,37 e4,1e,13 a2,93,,1d 3c,94
31 2b 02 00,39,37 e4,1f,13 47,92,,1e 24,87
18 2f 02 00,39,37 d0,1f,10 96,86,,1d 9c,85
00 33 02 00,39,37 e4,1f,0f c3,86,,1d 58,7e
e9 36 02 00,39,37 e4,1f,0d e0,81,,1d 1c,7a
d2 3a 02 00,39,37 f7,1e,0b 37,79,,1c 6c,64
b8 3e 02 00,38,37 e4,1d,0b 00,75,,1c 84,6f
a1 42 02 00,38,37 e4,1d,0c 15,77,,1c 44,7a
89 46 02 00,38,37 e4,1e,0c c2,7a,,1c 74,77
71 4a 02 00,38,37 d0,1e,0b 3d,76,,1c 14,5a
59 4e 02 00,38,37 f7,1e,0a 27,6f,,1c 6c,69
40 52 02 00,38,37 e4,1e,09 01,71,,17 88,7d
29 56 02 00,37,38 0b,1f,08 3c,6b,,14 04,8a
10 5a 02 00,37,37 d0,20,07 d8,69,,13 50,87
f9 5d 02 00,37,37 f7,21,06 f1,66,,13 04,6b
e1 61 02 00,37,37 e4,21,06 82,64,,12 bc,4f
c8 65 02 00,37,37 e4,21,06 7f,63,,12 30,3b
b0 69 02 00,36,37 f7,20,06 cd,63,,12 00,40
98 6d 02 00,36,37 d0,20,06 93,63,,11 b0,35
80 71 02 00,36,37 e4,1e,07 52,63,,0f b4,07
68 75 02 00,36,37 d0,1c,07 74,63,,10 14,4d
50 79 02 00,36,37 82,1c,06 55,64,,0f b8,60
38 7d 02 00,36,37 a9,1b,06 45,63,,10 74,7b
20 81 02 00,36,37 f7,1b,08 57,64,,12 c0,b8
08 85 02 00,36,37 a9,1c,0a f2,6b,,14 7c,be
f0 88 02 00,36,37 a9,1f,0b c5,70,,14 70,c4
d8 8c 02 00,36,37 e4,22,0d 1d,74,,16 54,b5
c0 90 02 00,36,37 d0,25,0e c6,7d,,17 6c,b4
a8 94 02 00,36,37 f7,29,10 8b,88,,18 bc,a3
72 9c 02 00,36,37 f7,2e,0f 14,85,,,8d
88 a0 02 00,36,37 e4,30,0f 83,86,,1b 20,
a1 a4 02 00,,37 e4,32,0f 5c,84,,1c 24,89
b6 a8 02 00,36,,34,0d 39,7b,,1d 30,81
cc ac 02 00,36,37 f7,,08 60,72,,1e 50,67
e0 b0 02 00,36,37 e4,34,,6a,,18 94,6b
fc b4 02 00,35,37 e4,35,07 8f,,,15 50,72
38 b5 02 00,35,37 e4,35,07 92,,,15 4c,75
29 b9 02 00,35,37 f7,36,07 b6,67,,14 90,4e
11 bd 02 00,35,37 f7,35,07 84,65,,13 cc,34
f8 c0 02 00,35,37 e4,34,07 63,64,,13 6c,35
e0 c4 02 00,34,37 f7,34,07 39,64,,13 38,3a
c8 c8 02 00,34,37 f7,33,07 0d,64,,13 a4,61
b1 cc 02 00,34,37 f7,33,07 0a,64,,13 9c,66
98 d0 02 00,34,37 f7,33,09 03,65,,16 3c,97
81 d4 02 00,34,37 f7,33,0a 80,6d,,17 18,8b
68 d8 02 00,34,37 f7,33,08 47,6a,,15 18,76
50 dc 02 00,34,37 f7,33,0b 3d,6d,,17 d0,9d
38 e0 02 00,34,37 f7,34,0d 36,79,,18 fc,8e
20 e4 02 00,34,37 f7,34,08 d7,6f,,14 4c,80
08 e8 02 00,34,37 f7,34,08 07,6a,,14 14,77
f0 eb 02 00,33,38 0b,34,07 f6,67,,15 64,80
d8 ef 02 00,33,37 f7,33,08 15,68,,13 ec,91
c0 f3 02 00,33,37 f7,33,09 0c,6a,,13 e8,9d
a8 f7 02 00,33,37 f7,33,09 b0,6b,,15 44,9a
90 fb 02 00,33,37 e4,33,07 d2,6a,,13 28,37
78 ff 02 00,33,37 e4,31,08 7e,67,,11 a0,00
60 03 03 00,33,37 a9,30,08 a5,67,,12 88,65
47 07 03 00,33,38 0b,2f,07 e3,67,,13 a8,77
30 0b 03 00,33,37 82,2f,06 3a,66,,12 08,52
18 0f 03 00,33,37 f7,2d,07 81,64,,0f c8,06
00 13 03 00,33,37 96,2b,07 9a,64,,0f d4,07
e7 16 03 00,33,37 a9,28,06 9e,64,,0e 00,11
d0 1a 03 00,33,37 96,25,06 71,63,,0d d0,0b
b7 1e 03 00,33,37 f7,22,07 ab,63,,11 50,00
a4 22 03 00,33,37 d0,1e,08 07,64,,10 cc,03
8d 26 03 00,33,37 a9,19,06 02,64,,0d 40,20
73 2a 03 00,33,37 82,17,04 83,63,,0c 20,35
5c 2e 03 00,33,37 e4,15,05 d6,63,,0d 94,78
44 32 03 00,33,37 5b,14,09 33,64,,14 2c,88
2b 36 03 00,33,38 0b,14,0b 0b,6b,,16 8c,a1
13 3a 03 00,33,37 f7,14,0b 3a,75,,14 7c,ab
fb 3d 03 00,33,37 f7,15,0f d9,80,,19 c8,9c
e3 41 03 00,34,37 f7,16,0f 59,87,,1a 84,91
ca 45 03 00,34,37 f7,17,0f f5,86,,1b 50,95
b2 49 03 00,34,37 f7,17,10 61,8a,,1b b0,8f
9a 4d 03 00,34,38 0b,18,10 7d,8a,,1b f0,90
83 51 03 00,34,37 f7,19,0e aa,84,,18 48,a2
6b 55 03 00,35,37 f7,1a,0f e7,87,,19 44,a1
53 59 03 00,35,38 1e,1a,10 e7,8c,,1a 18,a1
3a 5d 03 00,35,37 f7,1b,11 77,91,,1a dc,9b
22 61 03 00,36,38 0b,1d,12 4d,91,,1c 04,96
0a 65 03 00,36,37 f7,1e,12 ab,91,,1c d4,93
f3 68 03 00,37,37 f7,1f,13 41,92,,1d c0,8f
da 6c 03 00,37,38 0b,1f,13 d4,94,,1e 84,8d
c6 70 03 00,37,37 f7,20,14 97,95,,1f 54,89
af 74 03 00,38,37 e4,21,14 d4,94,,1f c4,86
97 78 03 00,38,37 a9,22,15 1c,94,,20 88,81
7e 7c 03 00,38,37 f7,22,13 33,8e,,20 ac,78
66 80 03 00,38,37 e4,22,0e b8,86,,1c 38,89
53 84 03 00,38,37 d0,21,0a 9c,7a,,14 64,a7
35 88 03 00,38,37 d0,21,0a ea,76,,13 f0,b1
1d 8c 03 00,38,37 e4,21,0c 21,79,,14 b4,b4
05 90 03 00,38,37 e4,21,0c cd,7d,,15 04,ba
ed 93 03 00,38,37 e4,22,0d 20,80,,15 10,b5
d5 97 03 00,38,37 d0,22,0c f9,81,,14 e0,b4
bd 9b 03 00,37,37 f7,24,0d 8c,82,,15 88,b1
a6 9f 03 00,38,37 d0,24,0d dd,84,,15 f4,ad
8d a3 03 00,38,37 f7,25,0e 4f,86,,16 48,ac
74 a7 03 00,38,37 e4,26,0e 70,86,,16 b0,ab
5d ab 03 00,38,37 e4,26,0e 7e,87,,16 f0,a9
45 af 03 00,38,37 f7,27,0e f0,88,,17 54,a8
2c b3 03 00,38,37 f7,27,0f 3b,89,,17 ac,a6
15 b7 03 00,38,37 f7,28,0f 5f,8b,,17 f4,a5
fc ba 03 00,38,37 e4,28,0f 6a,8b,,18 50,a4
e4 be 03 00,38,37 e4,29,0e 2b,88,,18 30,99
cc c2 03 00,38,37 f7,29,0d a5,85,,18 3c,9a
b3 c6 03 00,38,37 e4,28,0c 1b,80,,18 34,91
9b ca 03 00,38,37 e4,28,0c 21,7e,,17 a4,95
83 ce 03 00,38,37 f7,27,0b 4d,7b,,17 7c,91
6b d2 03 00,37,37 f7,27,0b 4d,7b,,17 34,92
5a d6 03 00,37,37 e4,26,09 be,77,,16 20,77
41 da 03 00,37,37 d0,23,07 42,6a,,13 a0,34
29 de 03 00,37,37 96,20,07 a6,67,,11 28,23
11 e2 03 00,37,37 f7,1c,06 1b,66,,0f 70,35
f9 e5 03 00,36,37 82,19,04 ea,64,,0c fc,24
e0 e9 03 00,36,37 d0,15,03 f5,63,,0b a8,4c
c8 ed 03 00,36,37 96,12,05 2a,63,,0d e4,66
b0 f1 03 00,36,37 96,0e,05 1c,63,,0e e4,6b
97 f5 03 00,36,37 d0,0a,06 b9,64,,10 f4,8f
5d fd 03 00,36,37 a9,09,0b 13,78,,,93
78 01 04 00,36,37 e4,09,0b d3,77,,15 20,
8c 05 04 00,,37 e4,0a,0a 6f,79,,16 8c,a0
a1 09 04 00,36,,0a,06 d0,6a,,15 48,80
bb 0d 04 00,36,37 d0,,04 67,66,,0f 48,76
d1 11 04 00,36,37 a9,09,,63,,0c a4,64
eb 15 04 00,36,37 f7,07,05 7a,,,0d 00,94
27 16 04 00,36,37 d0,07,07 e3,,,10 34,84
18 1a 04 00,36,37 a9,07,06 7f,67,,0d ac,68
ff 1d 04 00,36,37 34,08,04 06,64,,0c 3c,64
e7 21 04 00,36,37 96,07,03 b8,63,,0c 48,68
cf 25 04 00,36,37 96,05,03 dc,63,,0c 3c,6c
b6 29 04 00,36,37 6f,03,03 c3,63,,0c 1c,72
9f 2d 04 00,36,37 96,01,03 e2,63,,0c 34,72
87 31 04 00,36,37 96,00,03 f2,63,,0c 34,72
6e 35 04 00,36,37 e4,00,04 22,63,,0c b0,63
56 39 04 00,36,37 a9,00,03 d1,63,,0c 40,5b
3e 3d 04 00,36,37 a9,00,03 c3,62,,0c 30,5c
26 41 04 00,36,37 d0,00,03 c9,62,,0c 30,5b
0f 45 04 00,36,37 e4,00,03 bb,62,,0c 34,5b
f6 48 04 00,36,37 e4,00,03 b5,62,,0c 38,5a
de 4c 04 00,36,37 f7,00,03 9f,62,,0c 38,5b
c6 50 04 00,36,37 f7,00,03 9c,62,,0c 34,5b
ae 54 04 00,36,37 e4,00,03 ad,62,,0c 38,5b
96 58 04 00,36,37 d0,00,03 aa,62,,0c 3c,5a
7e 5c 04 00,36,37 a9,00,03 b0,62,,0c 34,5a
66 60 04 00,36,37 e4,00,03 aa,62,,0c 34,00
4d 64 04 00,36,35 ad,00,00 00,62,,01 54,00
35 68 04 00,36,35 fb,00,00 00,62,,00 00,00
fc 6f 04 00,,35 38,00,00 00,62,,00 00,00
11 74 04 00,36,,00,00 00,62,,00 00,00
25 78 04 00,36,34 fd,,00 00,62,,00 00,00
3a 7c 04 00,36,34 88,00,,61,,00 00,00
af 93 04 00,,,,00 00,,,,
a0 97 04 00,36,,,,,,00 00,
60 a3 04 00,,,,,61,,,00
51 a7 04 00,,,,,,,,
5b a7 04 00,,,,,,,,
43 ab 04 00,,,,,,,,
2b af 04 00,,,,,,,,
13 b3 04 00,,,,,,,,
fb b6 04 00,,,,,,,,
e3 ba 04 00,,,,,,,,
cb be 04 00,,,,,,,,
b3 c2 04 00,,,,,,,,
9b c6 04 00,,,,,,,,
83 ca 04 00,,,,,,,,
6b ce 04 00,,,,,,,,
53 d2 04 00,,,,,,,,
3c d6 04 00,,,,,,,,
24 da 04 00,,,,,,,,
0c de 04 00,,,,,,,,
f4 e1 04 00,,,,,,,,
dc e5 04 00,,,,,,,,
c4 e9 04 00,,,,,,,,
ac ed 04 00,,,,,,,,
94 f1 04 00,,,,,,,,
7c f5 04 00,,,,,,,,
64 f9 04 00,,,,,,,,
4c fd 04 00,,,,,,,,
35 01 05 00,,,,,,,,
1d 05 05 00,,,,,,,,
05 09 05 00,,,,,,,,
ed 0c 05 00,,,,,,,,
d5 10 05 00,,,,,,,,
bd 14 05 00,,,,,,,,
a5 18 05 00,,,,,,,,
8d 1c 05 00,,,,,,,,
75 20 05 00,,,,,,,,
5d 24 05 00,,,,,,,,
45 28 05 00,,,,,,,,
2d 2c 05 00,,,,,,,,
15 30 05 00,,,,,,,,
fe 33 05 00,,,,,,,,
e6 37 05 00,,,,,,,,
ce 3b 05 00,,,,,,,,
b6 3f 05 00,,,,,,,,
9e 43 05 00,,,,,,,,
86 47 05 00,,,,,,,,
6e 4b 05 00,,,,,,,,
56 4f 05 00,,,,,,,,
3e 53 05 00,,,,,,,,
26 57 05 00,,,,,,,,
0e 5b 05 00,,,,,,,,
f7 5e 05 00,,,,,,,,
df 62 05 00,,,,,,,,
c7 66 05 00,,,,,,,,
af 6a 05 00,,,,,,,,
97 6e 05 00,,,,,,,,
7f 72 05 00,,,,,,,,
67 76 05 00,,,,,,,,
4f 7a 05 00,,,,,,,,
37 7e 05 00,,,,,,,,
1f 82 05 00,,,,,,,,
07 86 05 00,,,,,,,,
ef 89 05 00,,,,,,,,
d8 8d 05 00,,,,,,,,
c0 91 05 00,,,,,,,,
a8 95 05 00,,,,,,,,
90 99 05 00,,,,,,,,
78 9d 05 00,,,,,,,,
60 a1 05 00,,,,,,,,
48 a5 05 00,,,,,,,,
30 a9 05 00,,,,,,,,
18 ad 05 00,,,,,,,,
00 b1 05 00,,,,,,,,
e8 b4 05 00,,,,,,,,
d0 b8 05 00,,,,,,,,
b9 bc 05 00,,,,,,,,
a1 c0 05 00,,,,,,,,
89 c4 05 00,,,,,,,,
71 c8 05 00,,,,,,,,
59 cc 05 00,,,,,,,,
41 d0 05 00,,,,,,,,
29 d4 05 00,,,,,,,,
11 d8 05 00,,,,,,,,
f9 db 05 00,,,,,,,,
e1 df 05 00,,,,,,,,
c9 e3 05 00,,,,,,,,
b1 e7 05 00,,,,,,,,
9a eb 05 00,,,,,,,,
82 ef 05 00,,,,,,,,
6a f3 05 00,,,,,,,,
52 f7 05 00,,,,,,,,
3a fb 05 00,,,,,,,,
22 ff 05 00,,,,,,,,
0a 03 06 00,,,,,,,00 00,
f6 06 06 00,,,,,,,00 00,
c5 0e 06 00,35,,,,,,00 00,00
84 1a 06 00,,2b 72,00,05 9e,,,,00
68 22 06 00,35,32 9f,00,,,,0c c4,
37 2e 06 00,,37 6f,02,04 67,63,,,7e
1a 36 06 00,36,,05,03 f5,,,0c 40,
e9 41 06 00,,37 5b,,03 dc,62,,,70
ac 4d 06 00,36,,00,,63,,0c 24,
95 55 06 00,,37 6f,00,04 40,,,0c 3c,77
79 5d 06 00,36,,00,,,,0c 40,5e
6b 65 06 00,36,32 51,,00 00,62,,,00
3a 71 06 00,36,32 2a,00,,,,00 00,
1d 79 06 00,,31 b5,00,,,,,00
c5 88 06 00,,,,00 00,,,,
cf 88 06 00,,,,,,,,
b7 8c 06 00,,,,,,,,
9f 90 06 00,,,,,,,,
87 94 06 00,,,,,,,,
6f 98 06 00,,,,,,,,
57 9c 06 00,,,,,,,,
40 a0 06 00,,,,,,,,
28 a4 06 00,,,,,,,,
10 a8 06 00,,,,,,,,
f8 ab 06 00,,,,,,,,
e0 af 06 00,,,,,,,,
c8 b3 06 00,,,,,,,,
b0 b7 06 00,,,,,,,,
98 bb 06 00,,,,,,,,
80 bf 06 00,,,,,,,,
68 c3 06 00,,,,,,,,
50 c7 06 00,,,,,,,,
39 cb 06 00,,,,,,,,
21 cf 06 00,,,,,,,,
09 d3 06 00,,,,,,,,
f1 d6 06 00,,,,,,,,
d9 da 06 00,,,,,,,,
c1 de 06 00,,,,,,,,
a9 e2 06 00,,,,,,,,
91 e6 06 00,,,,,,,,
79 ea 06 00,,,,,,,,
61 ee 06 00,,,,,,,,
49 f2 06 00,,,,,,,,
31 f6 06 00,,,,,,,,
1a fa 06 00,,,,,,,,
02 fe 06 00,,,,,,,,
ea 01 07 00,,,,,,,,
d2 05 07 00,,,,,,,,
ba 09 07 00,,,,,,,,
a2 0d 07 00,,,,,,,,
8a 11 07 00,,,,,,,,
72 15 07 00,,,,,,,,
5a 19 07 00,,,,,,,,
42 1d 07 00,,,,,,,,
2b 21 07 00,,,,,,,,
13 25 07 00,,,,,,,,
fb 28 07 00,,,,,,,,
e3 2c 07 00,,,,,,,,
cb 30 07 00,,,,,,,,
b3 34 07 00,,,,,,,,
9b 38 07 00,,,,,,,,
83 3c 07 00,,,,,,,,
6b 40 07 00,,,,,,,,
53 44 07 00,,,,,,,,
3b 48 07 00,,,,,,,,
23 4c 07 00,,,,,,,,
0c 50 07 00,,,,,,,,
f4 53 07 00,,,,,,,,
dc 57 07 00,,,,,,,,
c4 5b 07 00,,,,,,,,
ac 5f 07 00,,,,,,,,
94 63 07 00,,,,,,,,
7c 67 07 00,,,,,,,,
64 6b 07 00,,,,,,,,
4c 6f 07 00,,,,,,,,
34 73 07 00,,,,,,,,
1c 77 07 00,,,,,,,,
05 7b 07 00,,,,,,,,
ed 7e 07 00,,,,,,,,
d5 82 07 00,,,,,,,,
bd 86 07 00,,,,,,,,
a5 8a 07 00,,,,,,,,
8d 8e 07 00,,,,,,,,
75 92 07 00,,,,,,,,
5d 96 07 00,,,,,,,,
45 9a 07 00,,,,,,,,
2d 9e 07 00,,,,,,,,
15 a2 07 00,,,,,,,,
fd a5 07 00,,,,,,,,
e6 a9 07 00,,,,,,,,
ce ad 07 00,,,,,,,,
b6 b1 07 00,,,,,,,,
9e b5 07 00,,,,,,,,
86 b9 07 00,,,,,,,,
6e bd 07 00,,,,,,,,
56 c1 07 00,,,,,,,,
3e c5 07 00,,,,,,,,
26 c9 07 00,,,,,,,,
0e cd 07 00,,,,,,,,
f7 d0 07 00,,,,,,,,
df d4 07 00,,,,,,,,
c7 d8 07 00,,,,,,,,
af dc 07 00,,,,,,,,
97 e0 07 00,,,,,,,,
7f e4 07 00,,,,,,,,
67 e8 07 00,,,,,,,,
4f ec 07 00,,,,,,,,
37 f0 07 00,,,,,,,,
1f f4 07 00,,,,,,,,
07 f8 07 00,,,,,,,,
ef fb 07 00,,,,,,,,
d8 ff 07 00,,,,,,,,
c0 03 08 00,,,,,,,,
a8 07 08 00,,,,,,,,
90 0b 08 00,,,,,,,,
78 0f 08 00,,,,,,,,
60 13 08 00,,,,,,,,
48 17 08 00,,,,,,,,
30 1b 08 00,,,,,,,,
18 1f 08 00,,,,,,,,
00 23 08 00,,,,,,,,
e8 26 08 00,,,,,,,,
d0 2a 08 00,,,,,,,,
b9 2e 08 00,,,,,,,,
a1 32 08 00,,,,,,,,
89 36 08 00,,,,,,,,
71 3a 08 00,,,,,,,,
59 3e 08 00,,,,,,,,
41 42 08 00,,,,,,,,
29 46 08 00,,,,,,,,
11 4a 08 00,,,,,,,,
f9 4d 08 00,,,,,,,,
e1 51 08 00,,,,,,,,
c9 55 08 00,,,,,,,,
b2 59 08 00,,,,,,,,
9a 5d 08 00,,,,,,,00 00,
6b 65 08 00,,,,,62,,00 00,00
85 65 08 00,,,,,,,03 7c,29
75 69 08 00,35,,,,,,0d 28,5b
65 6d 08 00,35,31 3f,,,,,0b e0,66
57 71 08 00,35,34 d6,00,,,,0c 3c,64
47 75 08 00,36,36 70,00,05 19,,,0c 28,65
38 79 08 00,36,37 5b,00,04 38,63,,0c 34,64
1f 7d 08 00,36,37 82,00,03 f2,63,,0c 2c,66
08 81 08 00,36,37 82,00,03 be,62,,0c 3c,65
f0 84 08 00,36,37 96,00,03 bb,62,,0c 2c,66
d7 88 08 00,36,37 96,00,03 ad,62,,0c 3c,63
bf 8c 08 00,36,37 82,00,03 a5,62,,0c 34,63
a8 90 08 00,36,37 5b,00,03 a5,62,,0c 3c,62
91 94 08 00,36,37 6f,00,03 9f,62,,0c 38,62
78 98 08 00,36,37 5b,00,03 a7,62,,0c 34,62
60 9c 08 00,36,37 5b,00,03 c0,62,,0c 38,61
47 a0 08 00,36,37 82,00,03 a7,62,,0c 2c,62
2f a4 08 00,36,37 6f,00,03 b8,62,,0c 30,61
17 a8 08 00,36,37 5b,00,03 c3,62,,0c 38,60
ff ab 08 00,36,37 6f,00,03 c6,62,,0c 38,60
e7 af 08 00,36,37 6f,00,03 c3,62,,0c 28,61
cf b3 08 00,36,37 5b,00,03 b0,62,,0c 3c,60
b7 b7 08 00,36,37 6f,00,03 ad,62,,0c 34,60
9f bb 08 00,36,37 5b,00,03 b5,62,,0c 30,61
86 bf 08 00,36,37 96,00,03 be,62,,0c 38,60
6f c3 08 00,36,37 96,00,03 b0,62,,0c 30,60
57 c7 08 00,37,37 a9,00,03 ad,62,,0c 3c,5f
3f cb 08 00,37,37 d0,00,03 be,62,,0c 30,60
27 cf 08 00,37,37 d0,00,03 be,62,,0c 2c,60
0f d3 08 00,37,37 d0,00,03 be,62,,0c 34,5f
f7 d6 08 00,37,37 96,00,03 8c,62,,0c 3c,5e
de da 08 00,37,37 82,00,03 be,62,,0c 38,5e
c6 de 08 00,37,37 6f,00,03 c9,62,,0c 54,5a
ae e2 08 00,37,37 6f,00,03 c0,62,,0c 3c,59
9c e6 08 00,37,37 6f,00,03 c0,62,,0c 34,5b
84 ea 08 00,37,37 82,00,03 97,62,,0c 2c,5d
6b ee 08 00,37,37 96,00,03 b5,62,,0c 40,5b
53 f2 08 00,37,37 82,00,03 9f,62,,0c 30,5c
3b f6 08 00,37,37 a9,00,03 c6,62,,0c 3c,5a
23 fa 08 00,37,37 a9,00,03 9c,62,,0c 30,5b
0b fe 08 00,37,37 a9,00,03 9c,62,,0c 2c,5b
f4 01 09 00,37,37 d0,00,03 b3,62,,0c 30,5b
db 05 09 00,37,37 a9,00,03 be,62,,0c 34,5a
c3 09 09 00,37,37 d0,00,03 aa,62,,0c 38,5a
ab 0d 09 00,37,37 82,00,03 bb,62,,0c 34,5a
93 11 09 00,37,37 82,00,03 b0,62,,0c 34,5a
7b 15 09 00,37,37 82,00,03 bb,62,,0c 34,5a
63 19 09 00,37,37 82,00,03 c3,62,,0c 34,5a
4b 1d 09 00,37,37 6f,00,03 b8,62,,0c 34,5a
32 21 09 00,37,37 96,00,03 b3,62,,0c 2c,5b
1b 25 09 00,37,37 82,00,03 b0,62,,0c 38,59
02 29 09 00,37,37 82,00,03 b8,62,,0c 3c,59
ea 2c 09 00,37,37 82,00,03 9c,62,,0c 34,5a
d3 30 09 00,37,37 6f,00,03 94,62,,0c 2c,5a
bb 34 09 00,37,37 82,00,03 c6,62,,0c 38,59
a3 38 09 00,37,37 6f,00,03 97,62,,0c 2c,5a
8b 3c 09 00,38,37 82,00,03 b5,62,,0c 34,59
72 40 09 00,38,37 82,00,03 9f,62,,0c 38,58
5a 44 09 00,38,37 a9,00,03 a7,62,,0c 34,59
42 48 09 00,38,37 d0,00,03 cc,62,,0c 38,58
2a 4c 09 00,38,37 d0,00,03 a7,62,,0c 34,58
12 50 09 00,38,37 d0,00,03 b8,62,,0c 34,57
d5 57 09 00,38,37 96,00,03 b0,62,,0c 34,
e8 5b 09 00,,37 e4,00,03 be,62,,0c 3c,57
fd 5f 09 00,38,,00,03 b0,62,,0c 34,57
12 64 09 00,38,37 a9,,03 c0,62,,0c 18,5b
27 68 09 00,38,37 a9,00,,62,,0c 40,59
43 6c 09 00,38,37 a9,00,03 6d,,,0b 8c,74
7e 6c 09 00,38,37 82,00,04 09,,,0c 40,76
6f 70 09 00,38,37 d0,02,04 03,62,,0c 44,6f
57 74 09 00,38,37 d0,04,06 4d,63,,0e a0,7a
3f 78 09 00,38,37 d0,06,06 02,64,,0f 90,82
27 7c 09 00,38,37 e4,07,05 af,64,,10 18,7b
0e 80 09 00,38,37 a9,08,05 f7,64,,11 0c,83
f8 83 09 00,38,37 e4,0a,06 5b,64,,12 0c,83
df 87 09 00,38,37 d0,0a,06 a9,65,,12 ec,8c
c7 8b 09 00,39,37 96,0a,07 26,66,,13 24,93
af 8f 09 00,39,37 82,0b,08 f3,68,,15 68,97
97 93 09 00,39,37 82,0c,09 54,6d,,16 b0,8c
7f 97 09 00,39,37 96,0e,09 fd,71,,18 34,81
67 9b 09 00,39,37 82,0e,08 07,6e,,15 2c,4d
4e 9f 09 00,39,37 82,0c,06 55,68,,13 74,6a
36 a3 09 00,39,37 82,0b,05 45,66,,10 b4,39
1f a7 09 00,38,37 6f,09,05 27,64,,0f a8,69
06 ab 09 00,39,37 96,08,05 fd,63,,0f ac,a0
ee ae 09 00,39,37 82,09,08 0c,67,,12 18,9c
d8 b2 09 00,39,37 82,0c,08 39,69,,13 18,9a
be b6 09 00,39,37 82,10,09 0c,6b,,15 10,99
a6 ba 09 00,39,37 6f,13,0a 03,70,,16 98,91
8f be 09 00,39,37 82,17,0a 46,74,,17 dc,84
76 c2 09 00,39,37 5b,1a,0b 61,79,,1a d8,77
5e c6 09 00,39,37 96,1c,0a 03,77,,1b 68,49
46 ca 09 00,39,37 82,1d,09 62,70,,1a c0,3a
2e ce 09 00,38,37 6f,1e,09 df,70,,1b 9c,46
16 d2 09 00,38,37 82,20,08 0a,6e,,14 78,55
fd d5 09 00,38,37 96,20,06 66,66,,0f 48,07
e5 d9 09 00,38,37 82,20,07 63,65,,0f f8,01
ce dd 09 00,38,37 82,1f,07 76,65,,0f cc,01
b6 e1 09 00,38,37 82,1e,07 23,65,,0f 54,04
9f e5 09 00,37,37 6f,1e,08 dd,65,,12 64,75
8a e9 09 00,37,37 82,20,07 5b,67,,12 04,58
72 ed 09 00,37,37 6f,20,07 66,65,,10 e4,0c
5c f1 09 00,37,37 20,1f,07 76,65,,0f f0,05
43 f5 09 00,37,37 82,1e,07 2e,64,,0f 78,19
2a f9 09 00,37,37 6f,1e,06 ff,65,,10 a4,2c
13 fd 09 00,36,37 82,1e,06 6c,64,,10 cc,3f
fb 00 0a 00,36,37 6f,1e,05 fd,64,,10 58,2e
e2 04 0a 00,36,37 96,1e,05 ef,63,,10 a0,3d
ca 08 0a 00,36,37 6f,1e,05 a4,63,,10 e0,4b
b2 0c 0a 00,36,37 6f,1e,05 d8,63,,10 f4,45
9a 10 0a 00,36,37 82,1e,05 cd,63,,10 f0,46
82 14 0a 00,35,37 82,1e,05 99,63,,10 e8,45
6a 18 0a 00,35,37 96,1e,05 bf,63,,10 ec,46
52 1c 0a 00,35,37 82,1e,05 a4,63,,10 f0,46
3a 20 0a 00,35,37 82,1e,05 a1,63,,11 04,4e
21 24 0a 00,35,37 82,1e,05 72,63,,11 04,45
09 28 0a 00,35,37 96,1e,05 d0,63,,10 f4,3d
f1 2b 0a 00,35,37 82,1f,05 ec,63,,10 e4,38
d9 2f 0a 00,35,37 82,1e,05 bd,63,,10 f8,45
c2 33 0a 00,35,37 82,1e,05 bf,63,,11 0c,49
ab 37 0a 00,35,37 82,1e,05 88,63,,11 0c,49
92 3b 0a 00,34,37 0d,1e,05 9e,63,,11 08,4e
79 3f 0a 00,34,37 a9,1f,05 c2,63,,11 34,42
61 43 0a 00,34,37 a9,1f,05 f1,63,,10 fc,3a
49 47 0a 00,34,37 d0,1f,05 d3,63,,10 f0,37
31 4b 0a 00,34,37 5b,1f,06 31,63,,10 e4,2b
19 4f 0a 00,34,37 a9,1f,06 55,63,,10 bc,23
e0 56 0a 00,34,37 d0,1f,07 84,64,,,16
f9 5a 0a 00,34,37 a9,1f,07 a6,64,,10 a4,
0f 5f 0a 00,,37 e4,1f,07 c4,64,,10 78,11
23 63 0a 00,34,,1e,07 fc,65,,11 a0,00
38 67 0a 00,34,37 a9,,07 5b,65,,10 98,04
4e 6b 0a 00,34,37 a9,1d,,64,,0f 90,08
68 6f 0a 00,34,37 d0,1b,06 de,,,0e c0,0a
9f 6f 0a 00,34,37 82,1c,04 80,,,0b bc,35
96 73 0a 00,34,37 96,1d,03 fb,63,,0c 48,4b
7d 77 0a 00,34,37 96,1e,04 96,62,,0c a4,21
65 7b 0a 00,34,37 e4,1e,05 59,63,,0c 80,10
4d 7f 0a 00,34,37 d0,1d,06 9b,62,,0e c4,00
35 83 0a 00,34,37 f7,1b,0b 72,64,,18 14,00
1d 87 0a 00,34,37 f7,19,0b 5b,69,,17 14,00
06 8b 0a 00,34,37 f7,19,0b 10,69,,15 9c,00
ec 8e 0a 00,34,37 e4,18,0a 2f,68,,14 88,00
d4 92 0a 00,34,37 e4,17,09 94,67,,13 6c,00
bc 96 0a 00,34,37 f7,15,08 bb,67,,12 40,00
a5 9a 0a 00,34,37 a9,14,08 15,66,,10 e0,00
8d 9e 0a 00,34,37 e4,12,07 52,65,,0f 88,08
75 a2 0a 00,34,37 96,0f,06 18,64,,0d 08,21
5d a6 0a 00,34,37 a9,0a,03 f5,63,,0b ac,66
44 aa 0a 00,34,37 96,07,03 f5,63,,0c 14,6f
2c ae 0a 00,34,37 d0,05,03 f8,63,,0c 28,73
14 b2 0a 00,34,37 a9,03,04 0b,63,,0c 24,75
fc b5 0a 00,34,37 d0,04,08 12,64,,11 30,a1
e4 b9 0a 00,34,37 d0,07,0d 73,71,,17 c8,c5
cc bd 0a 00,34,37 d0,0c,0f c0,85,,1a 4c,99
b4 c1 0a 00,35,37 d0,10,11 10,8d,,1d 1c,89
9c c5 0a 00,35,37 f7,14,15 22,91,,22 38,7b
84 c9 0a 00,36,37 d0,18,11 64,8e,,1d e8,83
6b cd 0a 00,36,37 82,1b,11 69,8e,,1d e4,8a
55 d1 0a 00,36,37 e4,1e,13 4f,94,,1f 78,84
3c d5 0a 00,37,37 f7,21,14 9f,94,,21 68,7d
24 d9 0a 00,37,37 e4,23,0f d6,7e,,22 24,69
10 dd 0a 00,37,37 f7,24,0a a4,7d,,19 e4,81
f4 e0 0a 00,37,37 e4,25,0b 64,7a,,18 a0,89
db e4 0a 00,37,37 e4,26,0b 0e,7a,,17 04,93
c3 e8 0a 00,37,37 e4,27,0c 21,7b,,17 a0,93
b1 ec 0a 00,37,37 f7,28,0c 2c,7c,,17 fc,91
99 f0 0a 00,37,37 f7,29,0c 42,7e,,18 a0,8e
81 f4 0a 00,37,38 0b,2b,0c 31,7f,,19 40,8b
68 f8 0a 00,37,37 e4,2c,0c 34,80,,19 c8,89
51 fc 0a 00,37,37 f7,2d,0c 55,80,,1a 4c,85
38 00 0b 00,37,37 e4,2d,0b 5e,7f,,1a 74,7c
20 04 0b 00,37,37 e4,2e,0a b2,7c,,1a c0,78
07 08 0b 00,36,37 f7,2f,0a a7,7a,,1b 1c,76
ef 0b 0b 00,37,37 e4,2f,0a b2,7a,,1b 60,75
d7 0f 0b 00,36,37 e4,2f,0a cb,79,,1b a4,74
bf 13 0b 00,36,37 f7,30,0b 08,7a,,1b cc,75
a7 17 0b 00,36,37 e4,30,0b 4d,7b,,1b dc,79
8f 1b 0b 00,36,37 f7,30,0b de,7c,,1c 1c,78
77 1f 0b 00,36,37 d0,31,0b d3,7c,,1c 4c,77
5f 23 0b 00,36,37 f7,31,0b f1,7c,,1c 78,77
47 27 0b 00,36,37 d0,31,0b 90,7b,,1b c8,7a
2f 2b 0b 00,36,37 e4,31,09 17,72,,14 00,9e
17 2f 0b 00,36,38 0b,31,09 a7,71,,14 4c,a1
ff 32 0b 00,35,37 f7,30,0a 19,72,,14 34,b1
e6 36 0b 00,36,37 e4,30,0b cd,79,,14 c0,b6
ce 3a 0b 00,36,38 0b,30,0c 0d,7e,,14 84,ad
94 42 0b 00,35,37 f7,31,0b 5e,7d,,,b3
ae 46 0b 00,35,37 d0,31,0b a6,7d,,13 fc,
c3 4a 0b 00,,37 f7,31,0b 7d,7d,,14 0c,b1
d8 4e 0b 00,35,,31,0b 61,7d,,13 c8,b3
ec 52 0b 00,35,37 f7,,0b b7,7e,,13 ec,b2
01 57 0b 00,35,37 f7,31,,7d,,14 30,b0
1d 5b 0b 00,35,37 d0,31,0a 64,,,13 94,9a
59 5b 0b 00,35,37 d0,2f,07 c4,,,12 e8,66
4a 5f 0b 00,35,37 d0,2d,06 13,69,,11 dc,68
32 63 0b 00,35,37 a9,2c,05 9e,67,,11 a0,69
1a 67 0b 00,35,37 d0,2a,05 6c,66,,10 ec,76
01 6b 0b 00,34,37 d0,28,04 ad,65,,0f 1c,3e
e9 6e 0b 00,34,37 d0,24,06 48,63,,0d f0,0d
d1 72 0b 00,34,37 a9,20,07 4f,64,,10 44,00
b9 76 0b 00,34,37 e4,1c,06 a6,65,,0e e8,1f
a1 7a 0b 00,34,37 d0,19,05 96,65,,0f 34,63
88 7e 0b 00,34,37 d0,17,06 63,65,,12 10,74
70 82 0b 00,34,37 e4,17,07 a0,67,,17 44,73
58 86 0b 00,34,37 f7,17,0a 46,6f,,18 34,94
40 8a 0b 00,34,37 d0,18,0c 66,7b,,17 f4,8b
29 8e 0b 00,35,37 e4,1a,0c 7c,80,,19 a0,86
10 92 0b 00,35,37 e4,1b,0c 42,81,,1a 8c,82
f8 95 0b 00,35,37 d0,1c,0c 3c,81,,1b a0,7e
df 99 0b 00,35,37 e4,1d,0c 53,80,,1c 14,7a
c8 9d 0b 00,35,37 d0,1e,0c 42,7f,,1c 68,75
b0 a1 0b 00,35,37 d0,1e,0b 48,7c,,1c 98,6e
98 a5 0b 00,35,37 f7,1e,0a a4,77,,1c a4,68
80 a9 0b 00,35,37 f7,1e,0a 2f,75,,1c a8,68
67 ad 0b 00,35,37 e4,1e,0a 61,76,,1d 10,67
4f b1 0b 00,35,37 f7,1f,0a 2f,76,,1d 20,62
37 b5 0b 00,35,37 f7,1f,09 f2,73,,1d 30,52
23 b9 0b 00,35,37 d0,1f,0a 16,72,,1d 94,51
0b bd 0b 00,35,37 f7,20,07 6b,70,,17 80,69
f4 c0 0b 00,35,37 f7,21,06 4d,6a,,13 6c,5d
dc c4 0b 00,35,37 f7,21,06 4d,66,,12 b4,43
c4 c8 0b 00,35,37 e4,21,06 58,65,,12 bc,3c
ac cc 0b 00,35,37 d0,22,07 10,64,,12 6c,12
94 d0 0b 00,35,37 d0,21,08 55,66,,12 40,20
7b d4 0b 00,35,37 e4,22,08 65,67,,12 b0,20
63 d8 0b 00,35,37 d0,22,09 7b,68,,13 5c,1b
4b dc 0b 00,35,37 f7,23,09 65,68,,13 34,00
33 e0 0b 00,35,37 d0,22,09 46,68,,13 04,00
1c e4 0b 00,35,37 d0,1e,07 87,67,,0f fc,07
02 e8 0b 00,35,37 82,17,05 0e,65,,0c 64,2f
ea eb 0b 00,35,37 82,11,04 06,63,,0c 0c,5f
d3 ef 0b 00,34,37 a9,11,03 c6,63,,0c 08,5e
bb f3 0b 00,34,37 a9,11,06 9b,63,,0f e8,52
a3 f7 0b 00,34,37 e4,11,07 1b,65,,11 74,69
8a fb 0b 00,34,37 e4,13,07 23,66,,13 88,74
73 ff 0b 00,34,37 e4,14,07 60,68,,15 b4,79
5a 03 0c 00,34,37 f7,15,07 7f,6a,,16 84,73
42 07 0c 00,34,37 e4,17,07 8a,6a,,15 9c,75
2a 0b 0c 00,34,37 e4,18,07 ca,6b,,17 3c,6e
12 0f 0c 00,34,37 f7,19,08 47,6d,,17 bc,6a
f9 12 0c 00,34,37 f7,1a,08 92,6e,,18 ac,65
e1 16 0c 00,34,37 e4,1a,08 49,6e,,18 b0,4f
c9 1a 0c 00,34,38 0b,1a,08 41,6d,,18 c0,45
b2 1e 0c 00,34,37 e4,1a,08 23,6c,,17 b4,43
9a 22 0c 00,34,37 e4,19,08 07,6b,,17 bc,48
86 26 0c 00,34,37 f7,19,08 3c,6b,,17 b8,4d
73 2a 0c 00,34,37 f7,19,08 47,6e,,18 cc,58
56 2e 0c 00,34,37 f7,1a,08 36,6e,,18 c4,58
3e 32 0c 00,34,37 e4,1a,08 2e,6e,,18 5c,50
27 36 0c 00,34,38 0b,1a,08 15,6d,,18 a8,50
0e 3a 0c 00,34,37 f7,1a,08 65,6d,,18 3c,47
f6 3d 0c 00,34,37 f7,1a,08 86,6e,,19 08,5a
de 41 0c 00,34,38 0b,1a,08 47,6e,,18 c0,56
c6 45 0c 00,34,37 f7,1b,08 6b,6e,,19 4c,56
ae 49 0c 00,35,37 f7,1c,08 92,6f,,1a 08,45
96 4d 0c 00,35,37 f7,1c,08 f3,6e,,1a 18,3c
7d 51 0c 00,35,37 82,1c,08 cc,6e,,1a 28,3d
3e 59 0c 00,35,37 e4,,08 f8,6e,,1a 10,3c
53 5d 0c 00,35,37 f7,1c,,6f,,1a 6c,3c
6f 61 0c 00,35,37 f7,1c,09 11,,,1a 70,3c
aa 61 0c 00,35,37 f7,1d,09 22,,,1a 84,3a
9b 65 0c 00,35,37 e4,1d,09 09,6f,,1a 98,39
83 69 0c 00,35,37 f7,1d,09 11,6f,,1a b8,3c
6c 6d 0c 00,35,37 f7,1d,09 1c,6f,,1a a0,3c
53 71 0c 00,35,38 0b,1d,09 25,6e,,1a 7c,2e
3b 75 0c 00,35,38 0b,1b,0c 18,6e,,18 54,00
23 79 0c 00,35,37 d0,1a,0b ba,6d,,16 d8,13
0b 7d 0c 00,35,37 f7,18,0b 8d,6c,,15 f8,05
f3 80 0c 00,35,37 e4,16,0a 93,6a,,14 ac,00
da 84 0c 00,35,37 f7,15,09 2d,69,,12 74,00
c2 88 0c 00,35,37 f7,13,07 ee,67,,10 a8,02
aa 8c 0c 00,35,37 a9,10,06 e6,66,,0e cc,0f
92 90 0c 00,35,37 a9,0e,05 35,65,,0c 5c,25
7a 94 0c 00,35,37 a9,0c,04 03,63,,0b e8,55
62 98 0c 00,35,37 f7,0b,03 d4,63,,0c 08,59
4a 9c 0c 00,35,37 a9,09,03 a7,63,,0c 1c,63
31 a0 0c 00,34,37 a9,05,03 be,63,,0c 18,6a
19 a4 0c 00,34,37 96,00,03 b8,63,,0c 3c,66
01 a8 0c 00,34,37 a9,00,03 be,63,,0b f8,72
ea ab 0c 00,34,37 d0,00,04 94,63,,0c e4,ca
d3 af 0c 00,35,37 e4,00,0a 3b,69,,14 04,bb
ba b3 0c 00,35,37 f7,01,06 ae,70,,10 08,69
a2 b7 0c 00,35,37 d0,02,05 80,69,,0f 40,71
89 bb 0c 00,35,37 d0,02,04 9c,66,,0e 70,6c
71 bf 0c 00,35,37 a9,02,03 ed,65,,0d 34,65
5e c3 0c 00,35,37 d0,02,03 8e,63,,0c 3c,61
47 c7 0c 00,35,37 96,02,03 89,63,,0c 24,64
2e cb 0c 00,35,37 a9,00,03 97,63,,0c 24,66
16 cf 0c 00,35,37 d0,00,03 a5,63,,0c 34,63
fe d2 0c 00,35,38 0b,00,04 5f,64,,0c 60,81
e6 d6 0c 00,35,37 d0,00,06 7a,66,,0f 70,7c
ce da 0c 00,35,37 82,00,03 f8,66,,0c 4c,56
b5 de 0c 00,35,38 0b,00,03 cc,64,,0c 2c,61
9d e2 0c 00,35,37 a9,00,03 b3,63,,0c 2c,66
85 e6 0c 00,35,37 a9,00,04 e1,63,,0c cc,88
6d ea 0c 00,35,37 d0,00,06 98,66,,0f 34,79
55 ee 0c 00,35,37 a9,00,04 1c,65,,0b f4,64
3d f2 0c 00,35,37 a9,00,04 17,64,,0c 78,58
25 f6 0c 00,35,37 a9,00,03 c6,63,,0c 54,4d
0d fa 0c 00,35,37 96,00,03 94,63,,0c 08,54
f6 fd 0c 00,35,37 a9,00,03 b3,63,,0c 04,69
dd 01 0d 00,35,37 d0,00,03 b0,63,,0c 34,66
